id,name,restaurantId,
1,EJECUTIVO | rest 1,1,EJECUTIVO
2,ESPECIAL | rest 1,1,ESPECIAL
3,$10.000 | rest 1,1,$10.000
4,$15.000 | rest 1,1,$15.000
5,$20.000 | rest 1,1,$20.000
6,$30.000 | rest 1,1,$30.000
7,EJECUTIVO | rest 2,2,EJECUTIVO
8,ESPECIAL | rest 2,2,ESPECIAL
9,$10.000 | rest 2,2,$10.000
10,$15.000 | rest 2,2,$15.000
11,$20.000 | rest 2,2,$20.000
12,$30.000 | rest 2,2,$30.000
13,EJECUTIVO | rest 3,3,EJECUTIVO
14,ESPECIAL | rest 3,3,ESPECIAL
15,$10.000 | rest 3,3,$10.000
16,$15.000 | rest 3,3,$15.000
17,$20.000 | rest 3,3,$20.000
18,$30.000 | rest 3,3,$30.000
19,EJECUTIVO | rest 4,4,EJECUTIVO
20,ESPECIAL | rest 4,4,ESPECIAL
21,$10.000 | rest 4,4,$10.000
22,$15.000 | rest 4,4,$15.000
23,$20.000 | rest 4,4,$20.000
24,$30.000 | rest 4,4,$30.000
25,EJECUTIVO | rest 5,5,EJECUTIVO
26,ESPECIAL | rest 5,5,ESPECIAL
27,$10.000 | rest 5,5,$10.000
28,$15.000 | rest 5,5,$15.000
29,$20.000 | rest 5,5,$20.000
30,$30.000 | rest 5,5,$30.000
31,EJECUTIVO | rest 6,6,EJECUTIVO
32,ESPECIAL | rest 6,6,ESPECIAL
33,$10.000 | rest 6,6,$10.000
34,$15.000 | rest 6,6,$15.000
35,$20.000 | rest 6,6,$20.000
36,$30.000 | rest 6,6,$30.000
37,EJECUTIVO | rest 7,7,EJECUTIVO
38,ESPECIAL | rest 7,7,ESPECIAL
39,$10.000 | rest 7,7,$10.000
40,$15.000 | rest 7,7,$15.000
41,$20.000 | rest 7,7,$20.000
42,$30.000 | rest 7,7,$30.000
43,EJECUTIVO | rest 8,8,EJECUTIVO
44,ESPECIAL | rest 8,8,ESPECIAL
45,$10.000 | rest 8,8,$10.000
46,$15.000 | rest 8,8,$15.000
47,$20.000 | rest 8,8,$20.000
48,$30.000 | rest 8,8,$30.000
49,EJECUTIVO | rest 9,9,EJECUTIVO
50,ESPECIAL | rest 9,9,ESPECIAL
51,$10.000 | rest 9,9,$10.000
52,$15.000 | rest 9,9,$15.000
53,$20.000 | rest 9,9,$20.000
54,$30.000 | rest 9,9,$30.000
55,EJECUTIVO | rest 10,10,EJECUTIVO
56,ESPECIAL | rest 10,10,ESPECIAL
57,$10.000 | rest 10,10,$10.000
58,$15.000 | rest 10,10,$15.000
59,$20.000 | rest 10,10,$20.000
60,$30.000 | rest 10,10,$30.000
61,EJECUTIVO | rest 11,11,EJECUTIVO
62,ESPECIAL | rest 11,11,ESPECIAL
63,$10.000 | rest 11,11,$10.000
64,$15.000 | rest 11,11,$15.000
65,$20.000 | rest 11,11,$20.000
66,$30.000 | rest 11,11,$30.000
67,EJECUTIVO | rest 12,12,EJECUTIVO
68,ESPECIAL | rest 12,12,ESPECIAL
69,$10.000 | rest 12,12,$10.000
70,$15.000 | rest 12,12,$15.000
71,$20.000 | rest 12,12,$20.000
72,$30.000 | rest 12,12,$30.000
73,EJECUTIVO | rest 13,13,EJECUTIVO
74,ESPECIAL | rest 13,13,ESPECIAL
75,$10.000 | rest 13,13,$10.000
76,$15.000 | rest 13,13,$15.000
77,$20.000 | rest 13,13,$20.000
78,$30.000 | rest 13,13,$30.000
79,EJECUTIVO | rest 14,14,EJECUTIVO
80,ESPECIAL | rest 14,14,ESPECIAL
81,$10.000 | rest 14,14,$10.000
82,$15.000 | rest 14,14,$15.000
83,$20.000 | rest 14,14,$20.000
84,$30.000 | rest 14,14,$30.000
85,EJECUTIVO | rest 15,15,EJECUTIVO
86,ESPECIAL | rest 15,15,ESPECIAL
87,$10.000 | rest 15,15,$10.000
88,$15.000 | rest 15,15,$15.000
89,$20.000 | rest 15,15,$20.000
90,$30.000 | rest 15,15,$30.000
91,EJECUTIVO | rest 16,16,EJECUTIVO
92,ESPECIAL | rest 16,16,ESPECIAL
93,$10.000 | rest 16,16,$10.000
94,$15.000 | rest 16,16,$15.000
95,$20.000 | rest 16,16,$20.000
96,$30.000 | rest 16,16,$30.000
97,EJECUTIVO | rest 17,17,EJECUTIVO
98,ESPECIAL | rest 17,17,ESPECIAL
99,$10.000 | rest 17,17,$10.000
100,$15.000 | rest 17,17,$15.000
101,$20.000 | rest 17,17,$20.000
102,$30.000 | rest 17,17,$30.000
103,EJECUTIVO | rest 18,18,EJECUTIVO
104,ESPECIAL | rest 18,18,ESPECIAL
105,$10.000 | rest 18,18,$10.000
106,$15.000 | rest 18,18,$15.000
107,$20.000 | rest 18,18,$20.000
108,$30.000 | rest 18,18,$30.000
109,EJECUTIVO | rest 19,19,EJECUTIVO
110,ESPECIAL | rest 19,19,ESPECIAL
111,$10.000 | rest 19,19,$10.000
112,$15.000 | rest 19,19,$15.000
113,$20.000 | rest 19,19,$20.000
114,$30.000 | rest 19,19,$30.000
115,EJECUTIVO | rest 20,20,EJECUTIVO
116,ESPECIAL | rest 20,20,ESPECIAL
117,$10.000 | rest 20,20,$10.000
118,$15.000 | rest 20,20,$15.000
119,$20.000 | rest 20,20,$20.000
120,$30.000 | rest 20,20,$30.000
121,EJECUTIVO | rest 21,21,EJECUTIVO
122,ESPECIAL | rest 21,21,ESPECIAL
123,$10.000 | rest 21,21,$10.000
124,$15.000 | rest 21,21,$15.000
125,$20.000 | rest 21,21,$20.000
126,$30.000 | rest 21,21,$30.000
127,EJECUTIVO | rest 22,22,EJECUTIVO
128,ESPECIAL | rest 22,22,ESPECIAL
129,$10.000 | rest 22,22,$10.000
130,$15.000 | rest 22,22,$15.000
131,$20.000 | rest 22,22,$20.000
132,$30.000 | rest 22,22,$30.000
133,EJECUTIVO | rest 23,23,EJECUTIVO
134,ESPECIAL | rest 23,23,ESPECIAL
135,$10.000 | rest 23,23,$10.000
136,$15.000 | rest 23,23,$15.000
137,$20.000 | rest 23,23,$20.000
138,$30.000 | rest 23,23,$30.000
139,EJECUTIVO | rest 24,24,EJECUTIVO
140,ESPECIAL | rest 24,24,ESPECIAL
141,$10.000 | rest 24,24,$10.000
142,$15.000 | rest 24,24,$15.000
143,$20.000 | rest 24,24,$20.000
144,$30.000 | rest 24,24,$30.000
145,EJECUTIVO | rest 25,25,EJECUTIVO
146,ESPECIAL | rest 25,25,ESPECIAL
147,$10.000 | rest 25,25,$10.000
148,$15.000 | rest 25,25,$15.000
149,$20.000 | rest 25,25,$20.000
150,$30.000 | rest 25,25,$30.000
151,EJECUTIVO | rest 26,26,EJECUTIVO
152,ESPECIAL | rest 26,26,ESPECIAL
153,$10.000 | rest 26,26,$10.000
154,$15.000 | rest 26,26,$15.000
155,$20.000 | rest 26,26,$20.000
156,$30.000 | rest 26,26,$30.000
157,EJECUTIVO | rest 27,27,EJECUTIVO
158,ESPECIAL | rest 27,27,ESPECIAL
159,$10.000 | rest 27,27,$10.000
160,$15.000 | rest 27,27,$15.000
161,$20.000 | rest 27,27,$20.000
162,$30.000 | rest 27,27,$30.000
163,EJECUTIVO | rest 28,28,EJECUTIVO
164,ESPECIAL | rest 28,28,ESPECIAL
165,$10.000 | rest 28,28,$10.000
166,$15.000 | rest 28,28,$15.000
167,$20.000 | rest 28,28,$20.000
168,$30.000 | rest 28,28,$30.000
169,EJECUTIVO | rest 29,29,EJECUTIVO
170,ESPECIAL | rest 29,29,ESPECIAL
171,$10.000 | rest 29,29,$10.000
172,$15.000 | rest 29,29,$15.000
173,$20.000 | rest 29,29,$20.000
174,$30.000 | rest 29,29,$30.000
175,EJECUTIVO | rest 30,30,EJECUTIVO
176,ESPECIAL | rest 30,30,ESPECIAL
177,$10.000 | rest 30,30,$10.000
178,$15.000 | rest 30,30,$15.000
179,$20.000 | rest 30,30,$20.000
180,$30.000 | rest 30,30,$30.000
181,EJECUTIVO | rest 31,31,EJECUTIVO
182,ESPECIAL | rest 31,31,ESPECIAL
183,$10.000 | rest 31,31,$10.000
184,$15.000 | rest 31,31,$15.000
185,$20.000 | rest 31,31,$20.000
186,$30.000 | rest 31,31,$30.000
187,EJECUTIVO | rest 32,32,EJECUTIVO
188,ESPECIAL | rest 32,32,ESPECIAL
189,$10.000 | rest 32,32,$10.000
190,$15.000 | rest 32,32,$15.000
191,$20.000 | rest 32,32,$20.000
192,$30.000 | rest 32,32,$30.000
193,EJECUTIVO | rest 33,33,EJECUTIVO
194,ESPECIAL | rest 33,33,ESPECIAL
195,$10.000 | rest 33,33,$10.000
196,$15.000 | rest 33,33,$15.000
197,$20.000 | rest 33,33,$20.000
198,$30.000 | rest 33,33,$30.000
199,EJECUTIVO | rest 34,34,EJECUTIVO
200,ESPECIAL | rest 34,34,ESPECIAL
201,$10.000 | rest 34,34,$10.000
202,$15.000 | rest 34,34,$15.000
203,$20.000 | rest 34,34,$20.000
204,$30.000 | rest 34,34,$30.000
205,EJECUTIVO | rest 35,35,EJECUTIVO
206,ESPECIAL | rest 35,35,ESPECIAL
207,$10.000 | rest 35,35,$10.000
208,$15.000 | rest 35,35,$15.000
209,$20.000 | rest 35,35,$20.000
210,$30.000 | rest 35,35,$30.000
211,EJECUTIVO | rest 36,36,EJECUTIVO
212,ESPECIAL | rest 36,36,ESPECIAL
213,$10.000 | rest 36,36,$10.000
214,$15.000 | rest 36,36,$15.000
215,$20.000 | rest 36,36,$20.000
216,$30.000 | rest 36,36,$30.000
217,EJECUTIVO | rest 37,37,EJECUTIVO
218,ESPECIAL | rest 37,37,ESPECIAL
219,$10.000 | rest 37,37,$10.000
220,$15.000 | rest 37,37,$15.000
221,$20.000 | rest 37,37,$20.000
222,$30.000 | rest 37,37,$30.000
223,EJECUTIVO | rest 38,38,EJECUTIVO
224,ESPECIAL | rest 38,38,ESPECIAL
225,$10.000 | rest 38,38,$10.000
226,$15.000 | rest 38,38,$15.000
227,$20.000 | rest 38,38,$20.000
228,$30.000 | rest 38,38,$30.000
229,EJECUTIVO | rest 39,39,EJECUTIVO
230,ESPECIAL | rest 39,39,ESPECIAL
231,$10.000 | rest 39,39,$10.000
232,$15.000 | rest 39,39,$15.000
233,$20.000 | rest 39,39,$20.000
234,$30.000 | rest 39,39,$30.000
235,EJECUTIVO | rest 40,40,EJECUTIVO
236,ESPECIAL | rest 40,40,ESPECIAL
237,$10.000 | rest 40,40,$10.000
238,$15.000 | rest 40,40,$15.000
239,$20.000 | rest 40,40,$20.000
240,$30.000 | rest 40,40,$30.000
241,EJECUTIVO | rest 41,41,EJECUTIVO
242,ESPECIAL | rest 41,41,ESPECIAL
243,$10.000 | rest 41,41,$10.000
244,$15.000 | rest 41,41,$15.000
245,$20.000 | rest 41,41,$20.000
246,$30.000 | rest 41,41,$30.000
247,EJECUTIVO | rest 42,42,EJECUTIVO
248,ESPECIAL | rest 42,42,ESPECIAL
249,$10.000 | rest 42,42,$10.000
250,$15.000 | rest 42,42,$15.000
251,$20.000 | rest 42,42,$20.000
252,$30.000 | rest 42,42,$30.000
253,EJECUTIVO | rest 43,43,EJECUTIVO
254,ESPECIAL | rest 43,43,ESPECIAL
255,$10.000 | rest 43,43,$10.000
256,$15.000 | rest 43,43,$15.000
257,$20.000 | rest 43,43,$20.000
258,$30.000 | rest 43,43,$30.000
259,EJECUTIVO | rest 44,44,EJECUTIVO
260,ESPECIAL | rest 44,44,ESPECIAL
261,$10.000 | rest 44,44,$10.000
262,$15.000 | rest 44,44,$15.000
263,$20.000 | rest 44,44,$20.000
264,$30.000 | rest 44,44,$30.000
265,EJECUTIVO | rest 45,45,EJECUTIVO
266,ESPECIAL | rest 45,45,ESPECIAL
267,$10.000 | rest 45,45,$10.000
268,$15.000 | rest 45,45,$15.000
269,$20.000 | rest 45,45,$20.000
270,$30.000 | rest 45,45,$30.000
271,EJECUTIVO | rest 46,46,EJECUTIVO
272,ESPECIAL | rest 46,46,ESPECIAL
273,$10.000 | rest 46,46,$10.000
274,$15.000 | rest 46,46,$15.000
275,$20.000 | rest 46,46,$20.000
276,$30.000 | rest 46,46,$30.000
277,EJECUTIVO | rest 47,47,EJECUTIVO
278,ESPECIAL | rest 47,47,ESPECIAL
279,$10.000 | rest 47,47,$10.000
280,$15.000 | rest 47,47,$15.000
281,$20.000 | rest 47,47,$20.000
282,$30.000 | rest 47,47,$30.000
283,EJECUTIVO | rest 48,48,EJECUTIVO
284,ESPECIAL | rest 48,48,ESPECIAL
285,$10.000 | rest 48,48,$10.000
286,$15.000 | rest 48,48,$15.000
287,$20.000 | rest 48,48,$20.000
288,$30.000 | rest 48,48,$30.000
289,EJECUTIVO | rest 49,49,EJECUTIVO
290,ESPECIAL | rest 49,49,ESPECIAL
291,$10.000 | rest 49,49,$10.000
292,$15.000 | rest 49,49,$15.000
293,$20.000 | rest 49,49,$20.000
294,$30.000 | rest 49,49,$30.000
295,EJECUTIVO | rest 50,50,EJECUTIVO
296,ESPECIAL | rest 50,50,ESPECIAL
297,$10.000 | rest 50,50,$10.000
298,$15.000 | rest 50,50,$15.000
299,$20.000 | rest 50,50,$20.000
300,$30.000 | rest 50,50,$30.000
301,EJECUTIVO | rest 51,51,EJECUTIVO
302,ESPECIAL | rest 51,51,ESPECIAL
303,$10.000 | rest 51,51,$10.000
304,$15.000 | rest 51,51,$15.000
305,$20.000 | rest 51,51,$20.000
306,$30.000 | rest 51,51,$30.000
307,EJECUTIVO | rest 52,52,EJECUTIVO
308,ESPECIAL | rest 52,52,ESPECIAL
309,$10.000 | rest 52,52,$10.000
310,$15.000 | rest 52,52,$15.000
311,$20.000 | rest 52,52,$20.000
312,$30.000 | rest 52,52,$30.000
313,EJECUTIVO | rest 53,53,EJECUTIVO
314,ESPECIAL | rest 53,53,ESPECIAL
315,$10.000 | rest 53,53,$10.000
316,$15.000 | rest 53,53,$15.000
317,$20.000 | rest 53,53,$20.000
318,$30.000 | rest 53,53,$30.000
319,EJECUTIVO | rest 54,54,EJECUTIVO
320,ESPECIAL | rest 54,54,ESPECIAL
321,$10.000 | rest 54,54,$10.000
322,$15.000 | rest 54,54,$15.000
323,$20.000 | rest 54,54,$20.000
324,$30.000 | rest 54,54,$30.000
325,EJECUTIVO | rest 55,55,EJECUTIVO
326,ESPECIAL | rest 55,55,ESPECIAL
327,$10.000 | rest 55,55,$10.000
328,$15.000 | rest 55,55,$15.000
329,$20.000 | rest 55,55,$20.000
330,$30.000 | rest 55,55,$30.000
331,EJECUTIVO | rest 56,56,EJECUTIVO
332,ESPECIAL | rest 56,56,ESPECIAL
333,$10.000 | rest 56,56,$10.000
334,$15.000 | rest 56,56,$15.000
335,$20.000 | rest 56,56,$20.000
336,$30.000 | rest 56,56,$30.000
337,EJECUTIVO | rest 57,57,EJECUTIVO
338,ESPECIAL | rest 57,57,ESPECIAL
339,$10.000 | rest 57,57,$10.000
340,$15.000 | rest 57,57,$15.000
341,$20.000 | rest 57,57,$20.000
342,$30.000 | rest 57,57,$30.000
343,EJECUTIVO | rest 58,58,EJECUTIVO
344,ESPECIAL | rest 58,58,ESPECIAL
345,$10.000 | rest 58,58,$10.000
346,$15.000 | rest 58,58,$15.000
347,$20.000 | rest 58,58,$20.000
348,$30.000 | rest 58,58,$30.000
349,EJECUTIVO | rest 59,59,EJECUTIVO
350,ESPECIAL | rest 59,59,ESPECIAL
351,$10.000 | rest 59,59,$10.000
352,$15.000 | rest 59,59,$15.000
353,$20.000 | rest 59,59,$20.000
354,$30.000 | rest 59,59,$30.000
355,EJECUTIVO | rest 60,60,EJECUTIVO
356,ESPECIAL | rest 60,60,ESPECIAL
357,$10.000 | rest 60,60,$10.000
358,$15.000 | rest 60,60,$15.000
359,$20.000 | rest 60,60,$20.000
360,$30.000 | rest 60,60,$30.000
361,EJECUTIVO | rest 61,61,EJECUTIVO
362,ESPECIAL | rest 61,61,ESPECIAL
363,$10.000 | rest 61,61,$10.000
364,$15.000 | rest 61,61,$15.000
365,$20.000 | rest 61,61,$20.000
366,$30.000 | rest 61,61,$30.000
367,EJECUTIVO | rest 62,62,EJECUTIVO
368,ESPECIAL | rest 62,62,ESPECIAL
369,$10.000 | rest 62,62,$10.000
370,$15.000 | rest 62,62,$15.000
371,$20.000 | rest 62,62,$20.000
372,$30.000 | rest 62,62,$30.000
373,EJECUTIVO | rest 63,63,EJECUTIVO
374,ESPECIAL | rest 63,63,ESPECIAL
375,$10.000 | rest 63,63,$10.000
376,$15.000 | rest 63,63,$15.000
377,$20.000 | rest 63,63,$20.000
378,$30.000 | rest 63,63,$30.000
379,EJECUTIVO | rest 64,64,EJECUTIVO
380,ESPECIAL | rest 64,64,ESPECIAL
381,$10.000 | rest 64,64,$10.000
382,$15.000 | rest 64,64,$15.000
383,$20.000 | rest 64,64,$20.000
384,$30.000 | rest 64,64,$30.000
385,EJECUTIVO | rest 65,65,EJECUTIVO
386,ESPECIAL | rest 65,65,ESPECIAL
387,$10.000 | rest 65,65,$10.000
388,$15.000 | rest 65,65,$15.000
389,$20.000 | rest 65,65,$20.000
390,$30.000 | rest 65,65,$30.000
391,EJECUTIVO | rest 66,66,EJECUTIVO
392,ESPECIAL | rest 66,66,ESPECIAL
393,$10.000 | rest 66,66,$10.000
394,$15.000 | rest 66,66,$15.000
395,$20.000 | rest 66,66,$20.000
396,$30.000 | rest 66,66,$30.000
397,EJECUTIVO | rest 67,67,EJECUTIVO
398,ESPECIAL | rest 67,67,ESPECIAL
399,$10.000 | rest 67,67,$10.000
400,$15.000 | rest 67,67,$15.000
401,$20.000 | rest 67,67,$20.000
402,$30.000 | rest 67,67,$30.000
403,EJECUTIVO | rest 68,68,EJECUTIVO
404,ESPECIAL | rest 68,68,ESPECIAL
405,$10.000 | rest 68,68,$10.000
406,$15.000 | rest 68,68,$15.000
407,$20.000 | rest 68,68,$20.000
408,$30.000 | rest 68,68,$30.000
409,EJECUTIVO | rest 69,69,EJECUTIVO
410,ESPECIAL | rest 69,69,ESPECIAL
411,$10.000 | rest 69,69,$10.000
412,$15.000 | rest 69,69,$15.000
413,$20.000 | rest 69,69,$20.000
414,$30.000 | rest 69,69,$30.000
415,EJECUTIVO | rest 70,70,EJECUTIVO
416,ESPECIAL | rest 70,70,ESPECIAL
417,$10.000 | rest 70,70,$10.000
418,$15.000 | rest 70,70,$15.000
419,$20.000 | rest 70,70,$20.000
420,$30.000 | rest 70,70,$30.000
421,EJECUTIVO | rest 71,71,EJECUTIVO
422,ESPECIAL | rest 71,71,ESPECIAL
423,$10.000 | rest 71,71,$10.000
424,$15.000 | rest 71,71,$15.000
425,$20.000 | rest 71,71,$20.000
426,$30.000 | rest 71,71,$30.000
427,EJECUTIVO | rest 72,72,EJECUTIVO
428,ESPECIAL | rest 72,72,ESPECIAL
429,$10.000 | rest 72,72,$10.000
430,$15.000 | rest 72,72,$15.000
431,$20.000 | rest 72,72,$20.000
432,$30.000 | rest 72,72,$30.000
433,EJECUTIVO | rest 73,73,EJECUTIVO
434,ESPECIAL | rest 73,73,ESPECIAL
435,$10.000 | rest 73,73,$10.000
436,$15.000 | rest 73,73,$15.000
437,$20.000 | rest 73,73,$20.000
438,$30.000 | rest 73,73,$30.000
439,EJECUTIVO | rest 74,74,EJECUTIVO
440,ESPECIAL | rest 74,74,ESPECIAL
441,$10.000 | rest 74,74,$10.000
442,$15.000 | rest 74,74,$15.000
443,$20.000 | rest 74,74,$20.000
444,$30.000 | rest 74,74,$30.000
445,EJECUTIVO | rest 75,75,EJECUTIVO
446,ESPECIAL | rest 75,75,ESPECIAL
447,$10.000 | rest 75,75,$10.000
448,$15.000 | rest 75,75,$15.000
449,$20.000 | rest 75,75,$20.000
450,$30.000 | rest 75,75,$30.000
451,EJECUTIVO | rest 76,76,EJECUTIVO
452,ESPECIAL | rest 76,76,ESPECIAL
453,$10.000 | rest 76,76,$10.000
454,$15.000 | rest 76,76,$15.000
455,$20.000 | rest 76,76,$20.000
456,$30.000 | rest 76,76,$30.000
457,EJECUTIVO | rest 77,77,EJECUTIVO
458,ESPECIAL | rest 77,77,ESPECIAL
459,$10.000 | rest 77,77,$10.000
460,$15.000 | rest 77,77,$15.000
461,$20.000 | rest 77,77,$20.000
462,$30.000 | rest 77,77,$30.000
463,EJECUTIVO | rest 78,78,EJECUTIVO
464,ESPECIAL | rest 78,78,ESPECIAL
465,$10.000 | rest 78,78,$10.000
466,$15.000 | rest 78,78,$15.000
467,$20.000 | rest 78,78,$20.000
468,$30.000 | rest 78,78,$30.000
469,EJECUTIVO | rest 79,79,EJECUTIVO
470,ESPECIAL | rest 79,79,ESPECIAL
471,$10.000 | rest 79,79,$10.000
472,$15.000 | rest 79,79,$15.000
473,$20.000 | rest 79,79,$20.000
474,$30.000 | rest 79,79,$30.000
475,EJECUTIVO | rest 80,80,EJECUTIVO
476,ESPECIAL | rest 80,80,ESPECIAL
477,$10.000 | rest 80,80,$10.000
478,$15.000 | rest 80,80,$15.000
479,$20.000 | rest 80,80,$20.000
480,$30.000 | rest 80,80,$30.000
481,EJECUTIVO | rest 81,81,EJECUTIVO
482,ESPECIAL | rest 81,81,ESPECIAL
483,$10.000 | rest 81,81,$10.000
484,$15.000 | rest 81,81,$15.000
485,$20.000 | rest 81,81,$20.000
486,$30.000 | rest 81,81,$30.000
487,EJECUTIVO | rest 82,82,EJECUTIVO
488,ESPECIAL | rest 82,82,ESPECIAL
489,$10.000 | rest 82,82,$10.000
490,$15.000 | rest 82,82,$15.000
491,$20.000 | rest 82,82,$20.000
492,$30.000 | rest 82,82,$30.000
493,EJECUTIVO | rest 83,83,EJECUTIVO
494,ESPECIAL | rest 83,83,ESPECIAL
495,$10.000 | rest 83,83,$10.000
496,$15.000 | rest 83,83,$15.000
497,$20.000 | rest 83,83,$20.000
498,$30.000 | rest 83,83,$30.000
499,EJECUTIVO | rest 84,84,EJECUTIVO
500,ESPECIAL | rest 84,84,ESPECIAL
501,$10.000 | rest 84,84,$10.000
502,$15.000 | rest 84,84,$15.000
503,$20.000 | rest 84,84,$20.000
504,$30.000 | rest 84,84,$30.000
505,EJECUTIVO | rest 85,85,EJECUTIVO
506,ESPECIAL | rest 85,85,ESPECIAL
507,$10.000 | rest 85,85,$10.000
508,$15.000 | rest 85,85,$15.000
509,$20.000 | rest 85,85,$20.000
510,$30.000 | rest 85,85,$30.000
511,EJECUTIVO | rest 86,86,EJECUTIVO
512,ESPECIAL | rest 86,86,ESPECIAL
513,$10.000 | rest 86,86,$10.000
514,$15.000 | rest 86,86,$15.000
515,$20.000 | rest 86,86,$20.000
516,$30.000 | rest 86,86,$30.000
517,EJECUTIVO | rest 87,87,EJECUTIVO
518,ESPECIAL | rest 87,87,ESPECIAL
519,$10.000 | rest 87,87,$10.000
520,$15.000 | rest 87,87,$15.000
521,$20.000 | rest 87,87,$20.000
522,$30.000 | rest 87,87,$30.000
523,EJECUTIVO | rest 88,88,EJECUTIVO
524,ESPECIAL | rest 88,88,ESPECIAL
525,$10.000 | rest 88,88,$10.000
526,$15.000 | rest 88,88,$15.000
527,$20.000 | rest 88,88,$20.000
528,$30.000 | rest 88,88,$30.000
529,EJECUTIVO | rest 89,89,EJECUTIVO
530,ESPECIAL | rest 89,89,ESPECIAL
531,$10.000 | rest 89,89,$10.000
532,$15.000 | rest 89,89,$15.000
533,$20.000 | rest 89,89,$20.000
534,$30.000 | rest 89,89,$30.000
535,EJECUTIVO | rest 90,90,EJECUTIVO
536,ESPECIAL | rest 90,90,ESPECIAL
537,$10.000 | rest 90,90,$10.000
538,$15.000 | rest 90,90,$15.000
539,$20.000 | rest 90,90,$20.000
540,$30.000 | rest 90,90,$30.000
541,EJECUTIVO | rest 91,91,EJECUTIVO
542,ESPECIAL | rest 91,91,ESPECIAL
543,$10.000 | rest 91,91,$10.000
544,$15.000 | rest 91,91,$15.000
545,$20.000 | rest 91,91,$20.000
546,$30.000 | rest 91,91,$30.000
547,EJECUTIVO | rest 92,92,EJECUTIVO
548,ESPECIAL | rest 92,92,ESPECIAL
549,$10.000 | rest 92,92,$10.000
550,$15.000 | rest 92,92,$15.000
551,$20.000 | rest 92,92,$20.000
552,$30.000 | rest 92,92,$30.000
553,EJECUTIVO | rest 93,93,EJECUTIVO
554,ESPECIAL | rest 93,93,ESPECIAL
555,$10.000 | rest 93,93,$10.000
556,$15.000 | rest 93,93,$15.000
557,$20.000 | rest 93,93,$20.000
558,$30.000 | rest 93,93,$30.000
559,EJECUTIVO | rest 94,94,EJECUTIVO
560,ESPECIAL | rest 94,94,ESPECIAL
561,$10.000 | rest 94,94,$10.000
562,$15.000 | rest 94,94,$15.000
563,$20.000 | rest 94,94,$20.000
564,$30.000 | rest 94,94,$30.000
565,EJECUTIVO | rest 95,95,EJECUTIVO
566,ESPECIAL | rest 95,95,ESPECIAL
567,$10.000 | rest 95,95,$10.000
568,$15.000 | rest 95,95,$15.000
569,$20.000 | rest 95,95,$20.000
570,$30.000 | rest 95,95,$30.000
571,EJECUTIVO | rest 96,96,EJECUTIVO
572,ESPECIAL | rest 96,96,ESPECIAL
573,$10.000 | rest 96,96,$10.000
574,$15.000 | rest 96,96,$15.000
575,$20.000 | rest 96,96,$20.000
576,$30.000 | rest 96,96,$30.000
577,EJECUTIVO | rest 97,97,EJECUTIVO
578,ESPECIAL | rest 97,97,ESPECIAL
579,$10.000 | rest 97,97,$10.000
580,$15.000 | rest 97,97,$15.000
581,$20.000 | rest 97,97,$20.000
582,$30.000 | rest 97,97,$30.000
583,EJECUTIVO | rest 98,98,EJECUTIVO
584,ESPECIAL | rest 98,98,ESPECIAL
585,$10.000 | rest 98,98,$10.000
586,$15.000 | rest 98,98,$15.000
587,$20.000 | rest 98,98,$20.000
588,$30.000 | rest 98,98,$30.000
589,EJECUTIVO | rest 99,99,EJECUTIVO
590,ESPECIAL | rest 99,99,ESPECIAL
591,$10.000 | rest 99,99,$10.000
592,$15.000 | rest 99,99,$15.000
593,$20.000 | rest 99,99,$20.000
594,$30.000 | rest 99,99,$30.000
595,EJECUTIVO | rest 100,100,EJECUTIVO
596,ESPECIAL | rest 100,100,ESPECIAL
597,$10.000 | rest 100,100,$10.000
598,$15.000 | rest 100,100,$15.000
599,$20.000 | rest 100,100,$20.000
600,$30.000 | rest 100,100,$30.000
601,EJECUTIVO | rest 101,101,EJECUTIVO
602,ESPECIAL | rest 101,101,ESPECIAL
603,$10.000 | rest 101,101,$10.000
604,$15.000 | rest 101,101,$15.000
605,$20.000 | rest 101,101,$20.000
606,$30.000 | rest 101,101,$30.000
607,EJECUTIVO | rest 102,102,EJECUTIVO
608,ESPECIAL | rest 102,102,ESPECIAL
609,$10.000 | rest 102,102,$10.000
610,$15.000 | rest 102,102,$15.000
611,$20.000 | rest 102,102,$20.000
612,$30.000 | rest 102,102,$30.000
613,EJECUTIVO | rest 103,103,EJECUTIVO
614,ESPECIAL | rest 103,103,ESPECIAL
615,$10.000 | rest 103,103,$10.000
616,$15.000 | rest 103,103,$15.000
617,$20.000 | rest 103,103,$20.000
618,$30.000 | rest 103,103,$30.000
619,EJECUTIVO | rest 104,104,EJECUTIVO
620,ESPECIAL | rest 104,104,ESPECIAL
621,$10.000 | rest 104,104,$10.000
622,$15.000 | rest 104,104,$15.000
623,$20.000 | rest 104,104,$20.000
624,$30.000 | rest 104,104,$30.000
625,EJECUTIVO | rest 105,105,EJECUTIVO
626,ESPECIAL | rest 105,105,ESPECIAL
627,$10.000 | rest 105,105,$10.000
628,$15.000 | rest 105,105,$15.000
629,$20.000 | rest 105,105,$20.000
630,$30.000 | rest 105,105,$30.000
631,EJECUTIVO | rest 106,106,EJECUTIVO
632,ESPECIAL | rest 106,106,ESPECIAL
633,$10.000 | rest 106,106,$10.000
634,$15.000 | rest 106,106,$15.000
635,$20.000 | rest 106,106,$20.000
636,$30.000 | rest 106,106,$30.000
637,EJECUTIVO | rest 107,107,EJECUTIVO
638,ESPECIAL | rest 107,107,ESPECIAL
639,$10.000 | rest 107,107,$10.000
640,$15.000 | rest 107,107,$15.000
641,$20.000 | rest 107,107,$20.000
642,$30.000 | rest 107,107,$30.000
643,EJECUTIVO | rest 108,108,EJECUTIVO
644,ESPECIAL | rest 108,108,ESPECIAL
645,$10.000 | rest 108,108,$10.000
646,$15.000 | rest 108,108,$15.000
647,$20.000 | rest 108,108,$20.000
648,$30.000 | rest 108,108,$30.000
649,EJECUTIVO | rest 109,109,EJECUTIVO
650,ESPECIAL | rest 109,109,ESPECIAL
651,$10.000 | rest 109,109,$10.000
652,$15.000 | rest 109,109,$15.000
653,$20.000 | rest 109,109,$20.000
654,$30.000 | rest 109,109,$30.000
655,EJECUTIVO | rest 110,110,EJECUTIVO
656,ESPECIAL | rest 110,110,ESPECIAL
657,$10.000 | rest 110,110,$10.000
658,$15.000 | rest 110,110,$15.000
659,$20.000 | rest 110,110,$20.000
660,$30.000 | rest 110,110,$30.000
661,EJECUTIVO | rest 111,111,EJECUTIVO
662,ESPECIAL | rest 111,111,ESPECIAL
663,$10.000 | rest 111,111,$10.000
664,$15.000 | rest 111,111,$15.000
665,$20.000 | rest 111,111,$20.000
666,$30.000 | rest 111,111,$30.000
667,EJECUTIVO | rest 112,112,EJECUTIVO
668,ESPECIAL | rest 112,112,ESPECIAL
669,$10.000 | rest 112,112,$10.000
670,$15.000 | rest 112,112,$15.000
671,$20.000 | rest 112,112,$20.000
672,$30.000 | rest 112,112,$30.000
673,EJECUTIVO | rest 113,113,EJECUTIVO
674,ESPECIAL | rest 113,113,ESPECIAL
675,$10.000 | rest 113,113,$10.000
676,$15.000 | rest 113,113,$15.000
677,$20.000 | rest 113,113,$20.000
678,$30.000 | rest 113,113,$30.000
679,EJECUTIVO | rest 114,114,EJECUTIVO
680,ESPECIAL | rest 114,114,ESPECIAL
681,$10.000 | rest 114,114,$10.000
682,$15.000 | rest 114,114,$15.000
683,$20.000 | rest 114,114,$20.000
684,$30.000 | rest 114,114,$30.000
685,EJECUTIVO | rest 115,115,EJECUTIVO
686,ESPECIAL | rest 115,115,ESPECIAL
687,$10.000 | rest 115,115,$10.000
688,$15.000 | rest 115,115,$15.000
689,$20.000 | rest 115,115,$20.000
690,$30.000 | rest 115,115,$30.000
691,EJECUTIVO | rest 116,116,EJECUTIVO
692,ESPECIAL | rest 116,116,ESPECIAL
693,$10.000 | rest 116,116,$10.000
694,$15.000 | rest 116,116,$15.000
695,$20.000 | rest 116,116,$20.000
696,$30.000 | rest 116,116,$30.000
697,EJECUTIVO | rest 117,117,EJECUTIVO
698,ESPECIAL | rest 117,117,ESPECIAL
699,$10.000 | rest 117,117,$10.000
700,$15.000 | rest 117,117,$15.000
701,$20.000 | rest 117,117,$20.000
702,$30.000 | rest 117,117,$30.000
703,EJECUTIVO | rest 118,118,EJECUTIVO
704,ESPECIAL | rest 118,118,ESPECIAL
705,$10.000 | rest 118,118,$10.000
706,$15.000 | rest 118,118,$15.000
707,$20.000 | rest 118,118,$20.000
708,$30.000 | rest 118,118,$30.000
709,EJECUTIVO | rest 119,119,EJECUTIVO
710,ESPECIAL | rest 119,119,ESPECIAL
711,$10.000 | rest 119,119,$10.000
712,$15.000 | rest 119,119,$15.000
713,$20.000 | rest 119,119,$20.000
714,$30.000 | rest 119,119,$30.000
715,EJECUTIVO | rest 120,120,EJECUTIVO
716,ESPECIAL | rest 120,120,ESPECIAL
717,$10.000 | rest 120,120,$10.000
718,$15.000 | rest 120,120,$15.000
719,$20.000 | rest 120,120,$20.000
720,$30.000 | rest 120,120,$30.000
721,EJECUTIVO | rest 121,121,EJECUTIVO
722,ESPECIAL | rest 121,121,ESPECIAL
723,$10.000 | rest 121,121,$10.000
724,$15.000 | rest 121,121,$15.000
725,$20.000 | rest 121,121,$20.000
726,$30.000 | rest 121,121,$30.000
727,EJECUTIVO | rest 122,122,EJECUTIVO
728,ESPECIAL | rest 122,122,ESPECIAL
729,$10.000 | rest 122,122,$10.000
730,$15.000 | rest 122,122,$15.000
731,$20.000 | rest 122,122,$20.000
732,$30.000 | rest 122,122,$30.000
733,EJECUTIVO | rest 123,123,EJECUTIVO
734,ESPECIAL | rest 123,123,ESPECIAL
735,$10.000 | rest 123,123,$10.000
736,$15.000 | rest 123,123,$15.000
737,$20.000 | rest 123,123,$20.000
738,$30.000 | rest 123,123,$30.000
739,EJECUTIVO | rest 124,124,EJECUTIVO
740,ESPECIAL | rest 124,124,ESPECIAL
741,$10.000 | rest 124,124,$10.000
742,$15.000 | rest 124,124,$15.000
743,$20.000 | rest 124,124,$20.000
744,$30.000 | rest 124,124,$30.000
745,EJECUTIVO | rest 125,125,EJECUTIVO
746,ESPECIAL | rest 125,125,ESPECIAL
747,$10.000 | rest 125,125,$10.000
748,$15.000 | rest 125,125,$15.000
749,$20.000 | rest 125,125,$20.000
750,$30.000 | rest 125,125,$30.000
751,EJECUTIVO | rest 126,126,EJECUTIVO
752,ESPECIAL | rest 126,126,ESPECIAL
753,$10.000 | rest 126,126,$10.000
754,$15.000 | rest 126,126,$15.000
755,$20.000 | rest 126,126,$20.000
756,$30.000 | rest 126,126,$30.000
757,EJECUTIVO | rest 127,127,EJECUTIVO
758,ESPECIAL | rest 127,127,ESPECIAL
759,$10.000 | rest 127,127,$10.000
760,$15.000 | rest 127,127,$15.000
761,$20.000 | rest 127,127,$20.000
762,$30.000 | rest 127,127,$30.000
763,EJECUTIVO | rest 128,128,EJECUTIVO
764,ESPECIAL | rest 128,128,ESPECIAL
765,$10.000 | rest 128,128,$10.000
766,$15.000 | rest 128,128,$15.000
767,$20.000 | rest 128,128,$20.000
768,$30.000 | rest 128,128,$30.000
769,EJECUTIVO | rest 129,129,EJECUTIVO
770,ESPECIAL | rest 129,129,ESPECIAL
771,$10.000 | rest 129,129,$10.000
772,$15.000 | rest 129,129,$15.000
773,$20.000 | rest 129,129,$20.000
774,$30.000 | rest 129,129,$30.000
775,EJECUTIVO | rest 130,130,EJECUTIVO
776,ESPECIAL | rest 130,130,ESPECIAL
777,$10.000 | rest 130,130,$10.000
778,$15.000 | rest 130,130,$15.000
779,$20.000 | rest 130,130,$20.000
780,$30.000 | rest 130,130,$30.000
781,EJECUTIVO | rest 131,131,EJECUTIVO
782,ESPECIAL | rest 131,131,ESPECIAL
783,$10.000 | rest 131,131,$10.000
784,$15.000 | rest 131,131,$15.000
785,$20.000 | rest 131,131,$20.000
786,$30.000 | rest 131,131,$30.000
787,EJECUTIVO | rest 132,132,EJECUTIVO
788,ESPECIAL | rest 132,132,ESPECIAL
789,$10.000 | rest 132,132,$10.000
790,$15.000 | rest 132,132,$15.000
791,$20.000 | rest 132,132,$20.000
792,$30.000 | rest 132,132,$30.000
793,EJECUTIVO | rest 133,133,EJECUTIVO
794,ESPECIAL | rest 133,133,ESPECIAL
795,$10.000 | rest 133,133,$10.000
796,$15.000 | rest 133,133,$15.000
797,$20.000 | rest 133,133,$20.000
798,$30.000 | rest 133,133,$30.000
799,EJECUTIVO | rest 134,134,EJECUTIVO
800,ESPECIAL | rest 134,134,ESPECIAL
801,$10.000 | rest 134,134,$10.000
802,$15.000 | rest 134,134,$15.000
803,$20.000 | rest 134,134,$20.000
804,$30.000 | rest 134,134,$30.000
805,EJECUTIVO | rest 135,135,EJECUTIVO
806,ESPECIAL | rest 135,135,ESPECIAL
807,$10.000 | rest 135,135,$10.000
808,$15.000 | rest 135,135,$15.000
809,$20.000 | rest 135,135,$20.000
810,$30.000 | rest 135,135,$30.000
811,EJECUTIVO | rest 136,136,EJECUTIVO
812,ESPECIAL | rest 136,136,ESPECIAL
813,$10.000 | rest 136,136,$10.000
814,$15.000 | rest 136,136,$15.000
815,$20.000 | rest 136,136,$20.000
816,$30.000 | rest 136,136,$30.000
817,EJECUTIVO | rest 137,137,EJECUTIVO
818,ESPECIAL | rest 137,137,ESPECIAL
819,$10.000 | rest 137,137,$10.000
820,$15.000 | rest 137,137,$15.000
821,$20.000 | rest 137,137,$20.000
822,$30.000 | rest 137,137,$30.000
823,EJECUTIVO | rest 138,138,EJECUTIVO
824,ESPECIAL | rest 138,138,ESPECIAL
825,$10.000 | rest 138,138,$10.000
826,$15.000 | rest 138,138,$15.000
827,$20.000 | rest 138,138,$20.000
828,$30.000 | rest 138,138,$30.000
829,EJECUTIVO | rest 139,139,EJECUTIVO
830,ESPECIAL | rest 139,139,ESPECIAL
831,$10.000 | rest 139,139,$10.000
832,$15.000 | rest 139,139,$15.000
833,$20.000 | rest 139,139,$20.000
834,$30.000 | rest 139,139,$30.000
835,EJECUTIVO | rest 140,140,EJECUTIVO
836,ESPECIAL | rest 140,140,ESPECIAL
837,$10.000 | rest 140,140,$10.000
838,$15.000 | rest 140,140,$15.000
839,$20.000 | rest 140,140,$20.000
840,$30.000 | rest 140,140,$30.000
841,EJECUTIVO | rest 141,141,EJECUTIVO
842,ESPECIAL | rest 141,141,ESPECIAL
843,$10.000 | rest 141,141,$10.000
844,$15.000 | rest 141,141,$15.000
845,$20.000 | rest 141,141,$20.000
846,$30.000 | rest 141,141,$30.000
847,EJECUTIVO | rest 142,142,EJECUTIVO
848,ESPECIAL | rest 142,142,ESPECIAL
849,$10.000 | rest 142,142,$10.000
850,$15.000 | rest 142,142,$15.000
851,$20.000 | rest 142,142,$20.000
852,$30.000 | rest 142,142,$30.000
853,EJECUTIVO | rest 143,143,EJECUTIVO
854,ESPECIAL | rest 143,143,ESPECIAL
855,$10.000 | rest 143,143,$10.000
856,$15.000 | rest 143,143,$15.000
857,$20.000 | rest 143,143,$20.000
858,$30.000 | rest 143,143,$30.000
859,EJECUTIVO | rest 144,144,EJECUTIVO
860,ESPECIAL | rest 144,144,ESPECIAL
861,$10.000 | rest 144,144,$10.000
862,$15.000 | rest 144,144,$15.000
863,$20.000 | rest 144,144,$20.000
864,$30.000 | rest 144,144,$30.000
865,EJECUTIVO | rest 145,145,EJECUTIVO
866,ESPECIAL | rest 145,145,ESPECIAL
867,$10.000 | rest 145,145,$10.000
868,$15.000 | rest 145,145,$15.000
869,$20.000 | rest 145,145,$20.000
870,$30.000 | rest 145,145,$30.000
871,EJECUTIVO | rest 146,146,EJECUTIVO
872,ESPECIAL | rest 146,146,ESPECIAL
873,$10.000 | rest 146,146,$10.000
874,$15.000 | rest 146,146,$15.000
875,$20.000 | rest 146,146,$20.000
876,$30.000 | rest 146,146,$30.000
877,EJECUTIVO | rest 147,147,EJECUTIVO
878,ESPECIAL | rest 147,147,ESPECIAL
879,$10.000 | rest 147,147,$10.000
880,$15.000 | rest 147,147,$15.000
881,$20.000 | rest 147,147,$20.000
882,$30.000 | rest 147,147,$30.000
883,EJECUTIVO | rest 148,148,EJECUTIVO
884,ESPECIAL | rest 148,148,ESPECIAL
885,$10.000 | rest 148,148,$10.000
886,$15.000 | rest 148,148,$15.000
887,$20.000 | rest 148,148,$20.000
888,$30.000 | rest 148,148,$30.000
889,EJECUTIVO | rest 149,149,EJECUTIVO
890,ESPECIAL | rest 149,149,ESPECIAL
891,$10.000 | rest 149,149,$10.000
892,$15.000 | rest 149,149,$15.000
893,$20.000 | rest 149,149,$20.000
894,$30.000 | rest 149,149,$30.000
895,EJECUTIVO | rest 150,150,EJECUTIVO
896,ESPECIAL | rest 150,150,ESPECIAL
897,$10.000 | rest 150,150,$10.000
898,$15.000 | rest 150,150,$15.000
899,$20.000 | rest 150,150,$20.000
900,$30.000 | rest 150,150,$30.000
901,EJECUTIVO | rest 151,151,EJECUTIVO
902,ESPECIAL | rest 151,151,ESPECIAL
903,$10.000 | rest 151,151,$10.000
904,$15.000 | rest 151,151,$15.000
905,$20.000 | rest 151,151,$20.000
906,$30.000 | rest 151,151,$30.000
907,EJECUTIVO | rest 152,152,EJECUTIVO
908,ESPECIAL | rest 152,152,ESPECIAL
909,$10.000 | rest 152,152,$10.000
910,$15.000 | rest 152,152,$15.000
911,$20.000 | rest 152,152,$20.000
912,$30.000 | rest 152,152,$30.000
913,EJECUTIVO | rest 153,153,EJECUTIVO
914,ESPECIAL | rest 153,153,ESPECIAL
915,$10.000 | rest 153,153,$10.000
916,$15.000 | rest 153,153,$15.000
917,$20.000 | rest 153,153,$20.000
918,$30.000 | rest 153,153,$30.000
919,EJECUTIVO | rest 154,154,EJECUTIVO
920,ESPECIAL | rest 154,154,ESPECIAL
921,$10.000 | rest 154,154,$10.000
922,$15.000 | rest 154,154,$15.000
923,$20.000 | rest 154,154,$20.000
924,$30.000 | rest 154,154,$30.000
925,EJECUTIVO | rest 155,155,EJECUTIVO
926,ESPECIAL | rest 155,155,ESPECIAL
927,$10.000 | rest 155,155,$10.000
928,$15.000 | rest 155,155,$15.000
929,$20.000 | rest 155,155,$20.000
930,$30.000 | rest 155,155,$30.000
931,EJECUTIVO | rest 156,156,EJECUTIVO
932,ESPECIAL | rest 156,156,ESPECIAL
933,$10.000 | rest 156,156,$10.000
934,$15.000 | rest 156,156,$15.000
935,$20.000 | rest 156,156,$20.000
936,$30.000 | rest 156,156,$30.000
937,EJECUTIVO | rest 157,157,EJECUTIVO
938,ESPECIAL | rest 157,157,ESPECIAL
939,$10.000 | rest 157,157,$10.000
940,$15.000 | rest 157,157,$15.000
941,$20.000 | rest 157,157,$20.000
942,$30.000 | rest 157,157,$30.000
943,EJECUTIVO | rest 158,158,EJECUTIVO
944,ESPECIAL | rest 158,158,ESPECIAL
945,$10.000 | rest 158,158,$10.000
946,$15.000 | rest 158,158,$15.000
947,$20.000 | rest 158,158,$20.000
948,$30.000 | rest 158,158,$30.000
949,EJECUTIVO | rest 159,159,EJECUTIVO
950,ESPECIAL | rest 159,159,ESPECIAL
951,$10.000 | rest 159,159,$10.000
952,$15.000 | rest 159,159,$15.000
953,$20.000 | rest 159,159,$20.000
954,$30.000 | rest 159,159,$30.000
955,EJECUTIVO | rest 160,160,EJECUTIVO
956,ESPECIAL | rest 160,160,ESPECIAL
957,$10.000 | rest 160,160,$10.000
958,$15.000 | rest 160,160,$15.000
959,$20.000 | rest 160,160,$20.000
960,$30.000 | rest 160,160,$30.000
961,EJECUTIVO | rest 161,161,EJECUTIVO
962,ESPECIAL | rest 161,161,ESPECIAL
963,$10.000 | rest 161,161,$10.000
964,$15.000 | rest 161,161,$15.000
965,$20.000 | rest 161,161,$20.000
966,$30.000 | rest 161,161,$30.000
967,EJECUTIVO | rest 162,162,EJECUTIVO
968,ESPECIAL | rest 162,162,ESPECIAL
969,$10.000 | rest 162,162,$10.000
970,$15.000 | rest 162,162,$15.000
971,$20.000 | rest 162,162,$20.000
972,$30.000 | rest 162,162,$30.000
973,EJECUTIVO | rest 163,163,EJECUTIVO
974,ESPECIAL | rest 163,163,ESPECIAL
975,$10.000 | rest 163,163,$10.000
976,$15.000 | rest 163,163,$15.000
977,$20.000 | rest 163,163,$20.000
978,$30.000 | rest 163,163,$30.000
979,EJECUTIVO | rest 164,164,EJECUTIVO
980,ESPECIAL | rest 164,164,ESPECIAL
981,$10.000 | rest 164,164,$10.000
982,$15.000 | rest 164,164,$15.000
983,$20.000 | rest 164,164,$20.000
984,$30.000 | rest 164,164,$30.000
985,EJECUTIVO | rest 165,165,EJECUTIVO
986,ESPECIAL | rest 165,165,ESPECIAL
987,$10.000 | rest 165,165,$10.000
988,$15.000 | rest 165,165,$15.000
989,$20.000 | rest 165,165,$20.000
990,$30.000 | rest 165,165,$30.000
991,EJECUTIVO | rest 166,166,EJECUTIVO
992,ESPECIAL | rest 166,166,ESPECIAL
993,$10.000 | rest 166,166,$10.000
994,$15.000 | rest 166,166,$15.000
995,$20.000 | rest 166,166,$20.000
996,$30.000 | rest 166,166,$30.000
997,EJECUTIVO | rest 167,167,EJECUTIVO
998,ESPECIAL | rest 167,167,ESPECIAL
999,$10.000 | rest 167,167,$10.000
1000,$15.000 | rest 167,167,$15.000
1001,$20.000 | rest 167,167,$20.000
1002,$30.000 | rest 167,167,$30.000
1003,EJECUTIVO | rest 168,168,EJECUTIVO
1004,ESPECIAL | rest 168,168,ESPECIAL
1005,$10.000 | rest 168,168,$10.000
1006,$15.000 | rest 168,168,$15.000
1007,$20.000 | rest 168,168,$20.000
1008,$30.000 | rest 168,168,$30.000
1009,EJECUTIVO | rest 169,169,EJECUTIVO
1010,ESPECIAL | rest 169,169,ESPECIAL
1011,$10.000 | rest 169,169,$10.000
1012,$15.000 | rest 169,169,$15.000
1013,$20.000 | rest 169,169,$20.000
1014,$30.000 | rest 169,169,$30.000